INSERT INTO TraitModifiers (TraitType, ModifierId)
VALUES	('TARIT_SPACE_ASPIRATION',	'MOD_TARIT_SPACE_ASPIRATION_MORE_AMENITY_CAMPUS'),
		('TARIT_SPACE_ASPIRATION',	'MOD_TARIT_SPACE_ASPIRATION_MORE_AMENITY_LIBRARY'),
		('TARIT_SPACE_ASPIRATION',	'MOD_TARIT_SPACE_ASPIRATION_MORE_AMENITY_UNIVERSITY'),
		('TARIT_SPACE_ASPIRATION',	'MOD_TARIT_SPACE_ASPIRATION_MORE_AMENITY_RESEARCH_LAB'),
		('TARIT_SPACE_ASPIRATION',	'MOD_TARIT_SPACE_ASPIRATION_MORE_AMENITY_ASTRONOMICAL_OBSERVATORIES'),
		('TARIT_SPACE_ASPIRATION',	'MOD_TARIT_SPACE_ASPIRATION_MORE_AMENITY_RADIO_TELESCOPE');

INSERT INTO Modifiers (ModifierId, ModifierType, SubjectRequirementSetId)
VALUES  ('MOD_TARIT_SPACE_ASPIRATION_MORE_AMENITY_CAMPUS',				'MODIFIER_CITY_DISTRICTS_ADJUST_DISTRICT_AMENITY',	'REQUIREMENTS_CITY_HAS_CAMPUS'),
		('MOD_TARIT_SPACE_ASPIRATION_MORE_AMENITY_LIBRARY', 				'MODIFIER_CITY_DISTRICTS_ADJUST_DISTRICT_AMENITY',	'REQUIREMENTS_CITY_HAS_LIBRARY'),
		('MOD_TARIT_SPACE_ASPIRATION_MORE_AMENITY_UNIVERSITY',			'MODIFIER_CITY_DISTRICTS_ADJUST_DISTRICT_AMENITY',	'REQUIREMENTS_CITY_HAS_UNIVERSITY'),
		('MOD_TARIT_SPACE_ASPIRATION_MORE_AMENITY_RESEARCH_LAB',			'MODIFIER_CITY_DISTRICTS_ADJUST_DISTRICT_AMENITY',	'REQUIREMENTS_CITY_HAS_RESEARCH_LAB'),
		('MOD_TARIT_SPACE_ASPIRATION_MORE_AMENITY_ASTRONOMICAL_OBSERVATORIES', 'MODIFIER_CITY_DISTRICTS_ADJUST_DISTRICT_AMENITY',	'REQUIREMENTS_CITY_HAS_ASTRONOMICAL_OBSERVATORIES'),
		('MOD_TARIT_SPACE_ASPIRATION_MORE_AMENITY_RADIO_TELESCOPE',		'MODIFIER_CITY_DISTRICTS_ADJUST_DISTRICT_AMENITY',	'REQUIREMENTS_CITY_HAS_RADIO_TELESCOPE');

INSERT INTO ModifierArguments (ModifierId, Name, Value)
VALUES	('MOD_TARIT_SPACE_ASPIRATION_MORE_AMENITY_CAMPUS',				'Amount',	1),
		('MOD_TARIT_SPACE_ASPIRATION_MORE_AMENITY_LIBRARY',				'Amount',	1),
		('MOD_TARIT_SPACE_ASPIRATION_MORE_AMENITY_UNIVERSITY',			'Amount',	1),
		('MOD_TARIT_SPACE_ASPIRATION_MORE_AMENITY_RESEARCH_LAB',			'Amount',	1),
		('MOD_TARIT_SPACE_ASPIRATION_MORE_AMENITY_ASTRONOMICAL_OBSERVATORIES',	'Amount',	1),
		('MOD_TARIT_SPACE_ASPIRATION_MORE_AMENITY_RADIO_TELESCOPE',		'Amount',	1);

INSERT OR IGNORE INTO RequirementSets (RequirementSetId, RequirementSetType)
VALUES	('REQUIREMENTS_CITY_HAS_CAMPUS',		'REQUIREMENTSET_TEST_ALL'),
		('REQUIREMENTS_CITY_HAS_LIBRARY',		'REQUIREMENTSET_TEST_ALL'),
		('REQUIREMENTS_CITY_HAS_UNIVERSITY',	'REQUIREMENTSET_TEST_ALL'),
		('REQUIREMENTS_CITY_HAS_RESEARCH_LAB',	'REQUIREMENTSET_TEST_ALL'),
		('REQUIREMENTS_CITY_HAS_ASTRONOMICAL_OBSERVATORIES','REQUIREMENTSET_TEST_ALL'),
		('REQUIREMENTS_CITY_HAS_RADIO_TELESCOPE','REQUIREMENTSET_TEST_ALL');
INSERT OR IGNORE INTO RequirementSetRequirements (RequirementSetId, RequirementId)
VALUES	('REQUIREMENTS_CITY_HAS_CAMPUS',		'REQUIRES_CITY_HAS_CAMPUS'),
		('REQUIREMENTS_CITY_HAS_LIBRARY',		'REQUIRES_CITY_HAS_LIBRARY'),
		('REQUIREMENTS_CITY_HAS_UNIVERSITY',	'REQUIRES_CITY_HAS_UNIVERSITY'),
		('REQUIREMENTS_CITY_HAS_RESEARCH_LAB',	'REQUIRES_CITY_HAS_RESEARCH_LAB'),
		('REQUIREMENTS_CITY_HAS_ASTRONOMICAL_OBSERVATORIES','REQUIRES_CITY_HAS_ASTRONOMICAL_OBSERVATORIES'),
		('REQUIREMENTS_CITY_HAS_RADIO_TELESCOPE','REQUIRES_CITY_HAS_RADIO_TELESCOPE');
INSERT OR IGNORE INTO Requirements (RequirementId, RequirementType)
VALUES	('REQUIRES_CITY_HAS_ASTRONOMICAL_OBSERVATORIES',	'REQUIREMENT_CITY_HAS_DISTRICT'),
		('REQUIRES_CITY_HAS_RADIO_TELESCOPE',		'REQUIREMENT_CITY_HAS_BUIDLING');
INSERT OR IGNORE INTO RequirementArguments (RequirementId, Name, Value)
VALUES	('REQUIRES_CITY_HAS_ASTRONOMICAL_OBSERVATORIES',	'DistrictType', 'DISTRICT_ASTRONOMICAL_OBSERVATORIES'),
		('REQUIRES_CITY_HAS_RADIO_TELESCOPE',		'BuildingType', 'BUILDING_RADIO_TELESCOPE');